name,displayName,description,dataType,computed,dependentMetrics,computeMethod,active,isServiceMetrics,service_metrics,host_metrics,isRepresentativeMetric,derivedMetric
CPU.Ready,CPU Ready,CPU Ready,float,FALSE,,,TRUE,FALSE,System,All,FALSE,
CPU.Usage,CPU Usage,CPU Usage,float,FALSE,,,TRUE,FALSE,System,All,FALSE,
CPU.Usage.Mhz,CPU Usage Mhz,CPU Usage Mhz,float,FALSE,,,TRUE,FALSE,System,All,FALSE,
CPU.Used,CPU Used,CPU Used,float,FALSE,,,TRUE,FALSE,System,All,FALSE,
Memory.Usage,Memory Usage,Memory Usage,float,FALSE,,,TRUE,FALSE,System,All,TRUE,
Network.Usage,Network Usage,Network Usage,float,FALSE,,,TRUE,FALSE,System,All,FALSE,
Virtual.Disk.Read,Virtual Disk Read,Virtual Disk Read,float,FALSE,,,TRUE,FALSE,System,All,TRUE,
Virtual.Disk.write,Virtual Disk write,Virtual Disk write,float,FALSE,,,TRUE,FALSE,System,All,FALSE,
Vsphere.CPU.Ready,Vsphere CPU Ready,Vsphere CPU Ready,float,FALSE,,,TRUE,FALSE,System,All,TRUE,
Vsphere.CPU.Usage,Vsphere CPU Usage,Vsphere CPU Usage,float,FALSE,,,TRUE,FALSE,System,All,FALSE,
Vsphere.CPU.Usage.Mhz,Vsphere CPU Usage Mhz,Vsphere CPU Usage Mhz,float,FALSE,,,TRUE,FALSE,System,All,FALSE,
Vsphere.CPU.Used,Vsphere CPU Used,Vsphere CPU Used,float,FALSE,,,TRUE,FALSE,System,All,FALSE,
Vsphere.Memory.Usage,Vsphere Memory Usage,Vsphere Memory Usage,float,FALSE,,,TRUE,FALSE,System,All,FALSE,
Vsphere.Network.Usage,Vsphere Network Usage,Vsphere Network Usage,float,FALSE,,,TRUE,FALSE,System,All,FALSE,
Vsphere.Virtual.Disk.Read,Vsphere Virtual Disk Read,Vsphere Virtual Disk Read,float,FALSE,,,TRUE,FALSE,System,All,FALSE,
Vsphere.Virtual.Disk.write,Vsphere Virtual Disk write,Vsphere Virtual Disk write,float,FALSE,,,TRUE,FALSE,System,All,FALSE,
haproxy.act,haproxy act,haproxy act,float,FALSE,,,TRUE,TRUE,HaProxy,n42-dev11,FALSE,
haproxy.bck,haproxy bck,haproxy bck,float,FALSE,,,TRUE,TRUE,HaProxy,n42-dev11,FALSE,
haproxy.bin,haproxy bin,haproxy bin,float,FALSE,,,TRUE,TRUE,HaProxy,n42-dev11,FALSE,
haproxy.bout,haproxy bout,haproxy bout,float,FALSE,,,TRUE,TRUE,HaProxy,n42-dev11,FALSE,
haproxy.chkdown,haproxy chkdown,haproxy chkdown,float,FALSE,,,TRUE,TRUE,HaProxy,n42-dev11,FALSE,
haproxy.chkfail,haproxy chkfail,haproxy chkfail,float,FALSE,,,TRUE,TRUE,HaProxy,n42-dev11,FALSE,
haproxy.downtime,haproxy downtime,haproxy downtime,float,FALSE,,,TRUE,TRUE,HaProxy,n42-dev11,FALSE,
haproxy.dreq,haproxy dreq,haproxy dreq,float,FALSE,,,TRUE,TRUE,HaProxy,n42-dev11,FALSE,
haproxy.dresp,haproxy dresp,haproxy dresp,float,FALSE,,,TRUE,TRUE,HaProxy,n42-dev11,FALSE,
haproxy.econ,haproxy econ,haproxy econ,float,FALSE,,,TRUE,TRUE,HaProxy,n42-dev11,FALSE,
haproxy.ereq,haproxy ereq,haproxy ereq,float,FALSE,,,TRUE,TRUE,HaProxy,n42-dev11,FALSE,
haproxy.eresp,haproxy eresp,haproxy eresp,float,FALSE,,,TRUE,TRUE,HaProxy,n42-dev11,FALSE,
haproxy.iid,haproxy iid,haproxy iid,float,FALSE,,,TRUE,TRUE,HaProxy,n42-dev11,FALSE,
haproxy.lastchg,haproxy lastchg,haproxy lastchg,float,FALSE,,,TRUE,TRUE,HaProxy,n42-dev11,FALSE,
haproxy.lbtot,haproxy lbtot,haproxy lbtot,float,FALSE,,,TRUE,TRUE,HaProxy,n42-dev11,FALSE,
haproxy.pid,haproxy pid,haproxy pid,float,FALSE,,,TRUE,TRUE,HaProxy,n42-dev11,FALSE,
haproxy.qcur,haproxy qcur,haproxy qcur,float,FALSE,,,TRUE,TRUE,HaProxy,n42-dev11,FALSE,
haproxy.qlimit,haproxy qlimit,haproxy qlimit,float,FALSE,,,TRUE,TRUE,HaProxy,n42-dev11,FALSE,
haproxy.qmax,haproxy qmax,haproxy qmax,float,FALSE,,,TRUE,TRUE,HaProxy,n42-dev11,FALSE,
haproxy.queuelength,haproxy queuelength,haproxy queuelength,float,FALSE,,,TRUE,TRUE,HaProxy,n42-dev11,FALSE,
haproxy.rate,haproxy rate,haproxy rate,float,FALSE,,,TRUE,TRUE,HaProxy,n42-dev11,FALSE,
haproxy.rate.lim,haproxy rate lim,haproxy rate lim,float,FALSE,,,TRUE,TRUE,HaProxy,n42-dev11,FALSE,
haproxy.rate.max,haproxy rate max,haproxy rate max,float,FALSE,,,TRUE,TRUE,HaProxy,n42-dev11,FALSE,
haproxy.roundtrip,haproxy roundtrip,haproxy roundtrip,float,FALSE,,,TRUE,TRUE,HaProxy,n42-dev11,FALSE,
haproxy.scur,haproxy scur,haproxy scur,float,FALSE,,,TRUE,TRUE,HaProxy,n42-dev11,FALSE,
haproxy.sid,haproxy sid,haproxy sid,float,FALSE,,,TRUE,TRUE,HaProxy,n42-dev11,FALSE,
haproxy.slim,haproxy slim,haproxy slim,float,FALSE,,,TRUE,TRUE,HaProxy,n42-dev11,FALSE,
haproxy.smax,haproxy smax,haproxy smax,float,FALSE,,,TRUE,TRUE,HaProxy,n42-dev11,FALSE,
haproxy.stot,haproxy stot,haproxy stot,float,FALSE,,,TRUE,TRUE,HaProxy,n42-dev11,FALSE,
haproxy.throttle,haproxy throttle,haproxy throttle,float,FALSE,,,TRUE,TRUE,HaProxy,n42-dev11,FALSE,
haproxy.tracked,haproxy tracked,haproxy tracked,float,FALSE,,,TRUE,TRUE,HaProxy,n42-dev11,FALSE,
haproxy.type,haproxy type,haproxy type,float,FALSE,,,TRUE,TRUE,HaProxy,n42-dev11,FALSE,
haproxy.weight,haproxy weight,haproxy weight,float,FALSE,,,TRUE,TRUE,HaProxy,n42-dev11,FALSE,
haproxy.wredis,haproxy wredis,haproxy wredis,float,FALSE,,,TRUE,TRUE,HaProxy,n42-dev11,FALSE,
haproxy.wretr,haproxy wretr,haproxy wretr,float,FALSE,,,TRUE,TRUE,HaProxy,n42-dev11,FALSE,
iostat.disk.ios_in_progress,iostat disk ios in progress,iostat disk ios in progress,float,FALSE,,,TRUE,FALSE,System,All,FALSE,
iostat.disk.msec_read,iostat disk msec read,iostat disk msec read,float,FALSE,,,TRUE,FALSE,System,All,FALSE,
iostat.disk.msec_total,iostat disk msec total,iostat disk msec total,float,FALSE,,,TRUE,FALSE,System,All,FALSE,
iostat.disk.msec_weighted_total,iostat disk msec weighted total,iostat disk msec weighted total,float,FALSE,,,TRUE,FALSE,System,All,FALSE,
iostat.disk.msec_write,iostat disk msec write,iostat disk msec write,float,FALSE,,,TRUE,FALSE,System,All,FALSE,
iostat.disk.read_merged,iostat disk read merged,iostat disk read merged,float,FALSE,,,TRUE,FALSE,System,All,FALSE,
iostat.disk.read_requests,iostat disk read requests,iostat disk read requests,float,FALSE,,,TRUE,FALSE,System,All,FALSE,
iostat.disk.read_sectors,iostat disk read sectors,iostat disk read sectors,float,FALSE,,,TRUE,FALSE,System,All,FALSE,
iostat.disk.write_merged,iostat disk write merged,iostat disk write merged,float,FALSE,,,TRUE,FALSE,System,All,FALSE,
iostat.disk.write_requests,iostat disk write requests,iostat disk write requests,float,FALSE,,,TRUE,FALSE,System,All,FALSE,
iostat.disk.write_sectors,iostat disk write sectors,iostat disk write sectors,float,FALSE,,,TRUE,FALSE,System,All,FALSE,
iostat.part.ios_in_progress,iostat part ios in progress,iostat part ios in progress,float,FALSE,,,TRUE,FALSE,System,All,FALSE,
iostat.part.msec_read,iostat part msec read,iostat part msec read,float,FALSE,,,TRUE,FALSE,System,All,FALSE,
iostat.part.msec_total,iostat part msec total,iostat part msec total,float,FALSE,,,TRUE,FALSE,System,All,FALSE,
iostat.part.msec_weighted_total,iostat part msec weighted total,iostat part msec weighted total,float,FALSE,,,TRUE,FALSE,System,All,FALSE,
iostat.part.msec_write,iostat part msec write,iostat part msec write,float,FALSE,,,TRUE,FALSE,System,All,FALSE,
iostat.part.read_merged,iostat part read merged,iostat part read merged,float,FALSE,,,TRUE,FALSE,System,All,FALSE,
iostat.part.read_requests,iostat part read requests,iostat part read requests,float,FALSE,,,TRUE,FALSE,System,All,FALSE,
iostat.part.read_sectors,iostat part read sectors,iostat part read sectors,float,FALSE,,,TRUE,FALSE,System,All,FALSE,
iostat.part.write_merged,iostat part write merged,iostat part write merged,float,FALSE,,,TRUE,FALSE,System,All,FALSE,
iostat.part.write_requests,iostat part write requests,iostat part write requests,float,FALSE,,,TRUE,FALSE,System,All,FALSE,
iostat.part.write_sectors,iostat part write sectors,iostat part write sectors,float,FALSE,,,TRUE,FALSE,System,All,FALSE,
mongo.asserts,mongo asserts,mongo asserts,float,FALSE,,,TRUE,TRUE,MongoDB,AS_DB01,FALSE,
mongo.backgroundFlushing.average_ms,mongo backgroundFlushing average ms,mongo backgroundFlushing average ms,float,FALSE,,,TRUE,TRUE,MongoDB,AS_DB01,FALSE,
mongo.backgroundFlushing_flushes,mongo backgroundFlushing flushes,mongo backgroundFlushing flushes,float,FALSE,,,TRUE,TRUE,MongoDB,AS_DB01,FALSE,
mongo.backgroundFlushing_total_ms,mongo backgroundFlushing total ms,mongo backgroundFlushing total ms,float,FALSE,,,TRUE,TRUE,MongoDB,AS_DB01,FALSE,
mongo.connections.available,mongo connections available,mongo connections available,float,FALSE,,,TRUE,TRUE,MongoDB,AS_DB01,TRUE,
mongo.connections.current,mongo connections current,mongo connections current,float,FALSE,,,TRUE,TRUE,MongoDB,AS_DB01,FALSE,
mongo.cursors.timedOut,mongo cursors timedOut,mongo cursors timedOut,float,FALSE,,,TRUE,TRUE,MongoDB,AS_DB01,FALSE,
mongo.cursors.totalOpen,mongo cursors totalOpen,mongo cursors totalOpen,float,FALSE,,,TRUE,TRUE,MongoDB,AS_DB01,FALSE,
mongo.dur.commits,mongo dur commits,mongo dur commits,float,FALSE,,,TRUE,TRUE,MongoDB,AS_DB01,FALSE,
mongo.dur.commitsInWriteLock,mongo dur commitsInWriteLock,mongo dur commitsInWriteLock,float,FALSE,,,TRUE,TRUE,MongoDB,AS_DB01,FALSE,
mongo.dur.compression,mongo dur compression,mongo dur compression,float,FALSE,,,TRUE,TRUE,MongoDB,AS_DB01,FALSE,
mongo.dur.earlyCommits,mongo dur earlyCommits,mongo dur earlyCommits,float,FALSE,,,TRUE,TRUE,MongoDB,AS_DB01,FALSE,
mongo.dur.journaledMB,mongo dur journaledMB,mongo dur journaledMB,float,FALSE,,,TRUE,TRUE,MongoDB,AS_DB01,FALSE,
mongo.dur.writeToDataFilesMB,mongo dur writeToDataFilesMB,mongo dur writeToDataFilesMB,float,FALSE,,,TRUE,TRUE,MongoDB,AS_DB01,FALSE,
mongo.extra_info.heap_usage_bytes,mongo extra info heap usage bytes,mongo extra info heap usage bytes,float,FALSE,,,TRUE,TRUE,MongoDB,AS_DB01,FALSE,
mongo.extra_info.page_faults,mongo extra info page faults,mongo extra info page faults,float,FALSE,,,TRUE,TRUE,MongoDB,AS_DB01,TRUE,
mongo.globalLock.activeClients.readers,mongo globalLock activeClients readers,mongo globalLock activeClients readers,float,FALSE,,,TRUE,TRUE,MongoDB,AS_DB01,FALSE,
mongo.globalLock.activeClients.writers,mongo globalLock activeClients writers,mongo globalLock activeClients writers,float,FALSE,,,TRUE,TRUE,MongoDB,AS_DB01,FALSE,
mongo.globalLock.currentQueue.readers,mongo globalLock currentQueue readers,mongo globalLock currentQueue readers,float,FALSE,,,TRUE,TRUE,MongoDB,AS_DB01,FALSE,
mongo.globalLock.currentQueue.writers,mongo globalLock currentQueue writers,mongo globalLock currentQueue writers,float,FALSE,,,TRUE,TRUE,MongoDB,AS_DB01,FALSE,
mongo.globalLock.lockTime,mongo globalLock lockTime,mongo globalLock lockTime,float,FALSE,,,TRUE,TRUE,MongoDB,AS_DB01,FALSE,
mongo.globalLock.totalTime,mongo globalLock totalTime,mongo globalLock totalTime,float,FALSE,,,TRUE,TRUE,MongoDB,AS_DB01,FALSE,
mongo.mem.mapped,mongo mem mapped,mongo mem mapped,float,FALSE,,,TRUE,TRUE,MongoDB,AS_DB01,FALSE,
mongo.mem.resident,mongo mem resident,mongo mem resident,float,FALSE,,,TRUE,TRUE,MongoDB,AS_DB01,FALSE,
mongo.mem.virtual,mongo mem virtual,mongo mem virtual,float,FALSE,,,TRUE,TRUE,MongoDB,AS_DB01,FALSE,
mongo.network.bytesIn,mongo network bytesIn,mongo network bytesIn,float,FALSE,,,TRUE,TRUE,MongoDB,AS_DB01,FALSE,
mongo.network.bytesOut,mongo network bytesOut,mongo network bytesOut,float,FALSE,,,TRUE,TRUE,MongoDB,AS_DB01,FALSE,
mongo.network.numRequests,mongo network numRequests,mongo network numRequests,float,FALSE,,,TRUE,TRUE,MongoDB,AS_DB01,FALSE,
mongo.opcounters,mongo opcounters,mongo opcounters,float,FALSE,,,TRUE,TRUE,MongoDB,AS_DB01,FALSE,
mongo.cursors.totalOpen,mongo cursors totalOpen,mongo cursors totalOpen,float,FALSE,,,TRUE,TRUE,MongoDB,AS_DB01,FALSE,
mysql.aborted_clients,mysql aborted clients,mysql aborted clients,float,FALSE,,,TRUE,TRUE,Mysql,n42-dev14,FALSE,
mysql.aborted_connects,mysql aborted connects,mysql aborted connects,float,FALSE,,,TRUE,TRUE,Mysql,n42-dev14,FALSE,
mysql.bytes_received,mysql bytes received,mysql bytes received,float,FALSE,,,TRUE,TRUE,Mysql,n42-dev14,FALSE,
mysql.bytes_sent,mysql bytes sent,mysql bytes sent,float,FALSE,,,TRUE,TRUE,Mysql,n42-dev14,TRUE,
mysql.com_admin_commands,mysql com admin commands,mysql com admin commands,float,FALSE,,,TRUE,TRUE,Mysql,n42-dev14,FALSE,
mysql.com_alter_db,mysql com alter db,mysql com alter db,float,FALSE,,,TRUE,TRUE,Mysql,n42-dev14,FALSE,
mysql.com_alter_table,mysql com alter table,mysql com alter table,float,FALSE,,,TRUE,TRUE,Mysql,n42-dev14,FALSE,
mysql.com_analyze,mysql com analyze,mysql com analyze,float,FALSE,,,TRUE,TRUE,Mysql,n42-dev14,FALSE,
mysql.com_begin,mysql com begin,mysql com begin,float,FALSE,,,TRUE,TRUE,Mysql,n42-dev14,FALSE,
mysql.com_call_procedure,mysql com call procedure,mysql com call procedure,float,FALSE,,,TRUE,TRUE,Mysql,n42-dev14,FALSE,
mysql.com_change_db,mysql com change db,mysql com change db,float,FALSE,,,TRUE,TRUE,Mysql,n42-dev14,FALSE,
mysql.com_change_master,mysql com change master,mysql com change master,float,FALSE,,,TRUE,TRUE,Mysql,n42-dev14,FALSE,
mysql.com_check,mysql com check,mysql com check,float,FALSE,,,TRUE,TRUE,Mysql,n42-dev14,FALSE,
mysql.com_checksum,mysql com checksum,mysql com checksum,float,FALSE,,,TRUE,TRUE,Mysql,n42-dev14,FALSE,
mysql.com_commit,mysql com commit,mysql com commit,float,FALSE,,,TRUE,TRUE,Mysql,n42-dev14,FALSE,
mysql.com_create_db,mysql com create db,mysql com create db,float,FALSE,,,TRUE,TRUE,Mysql,n42-dev14,FALSE,
mysql.com_create_function,mysql com create function,mysql com create function,float,FALSE,,,TRUE,TRUE,Mysql,n42-dev14,FALSE,
mysql.com_create_index,mysql com create index,mysql com create index,float,FALSE,,,TRUE,TRUE,Mysql,n42-dev14,FALSE,
mysql.com_create_table,mysql com create table,mysql com create table,float,FALSE,,,TRUE,TRUE,Mysql,n42-dev14,FALSE,
mysql.com_create_user,mysql com create user,mysql com create user,float,FALSE,,,TRUE,TRUE,Mysql,n42-dev14,FALSE,
mysql.com_dealloc_sql,mysql com dealloc sql,mysql com dealloc sql,float,FALSE,,,TRUE,TRUE,Mysql,n42-dev14,FALSE,
mysql.com_delete,mysql com delete,mysql com delete,float,FALSE,,,TRUE,TRUE,Mysql,n42-dev14,FALSE,
mysql.com_delete_multi,mysql com delete multi,mysql com delete multi,float,FALSE,,,TRUE,TRUE,Mysql,n42-dev14,FALSE,
mysql.com_do,mysql com do,mysql com do,float,FALSE,,,TRUE,TRUE,Mysql,n42-dev14,FALSE,
mysql.com_drop_db,mysql com drop db,mysql com drop db,float,FALSE,,,TRUE,TRUE,Mysql,n42-dev14,FALSE,
mysql.com_drop_function,mysql com drop function,mysql com drop function,float,FALSE,,,TRUE,TRUE,Mysql,n42-dev14,FALSE,
mysql.com_drop_index,mysql com drop index,mysql com drop index,float,FALSE,,,TRUE,TRUE,Mysql,n42-dev14,FALSE,
mysql.com_drop_table,mysql com drop table,mysql com drop table,float,FALSE,,,TRUE,TRUE,Mysql,n42-dev14,FALSE,
mysql.com_drop_user,mysql com drop user,mysql com drop user,float,FALSE,,,TRUE,TRUE,Mysql,n42-dev14,FALSE,
mysql.com_execute_sql,mysql com execute sql,mysql com execute sql,float,FALSE,,,TRUE,TRUE,Mysql,n42-dev14,FALSE,
mysql.com_flush,mysql com flush,mysql com flush,float,FALSE,,,TRUE,TRUE,Mysql,n42-dev14,FALSE,
mysql.com_grant,mysql com grant,mysql com grant,float,FALSE,,,TRUE,TRUE,Mysql,n42-dev14,FALSE,
mysql.com_ha_close,mysql com ha close,mysql com ha close,float,FALSE,,,TRUE,TRUE,Mysql,n42-dev14,FALSE,
mysql.com_ha_open,mysql com ha open,mysql com ha open,float,FALSE,,,TRUE,TRUE,Mysql,n42-dev14,FALSE,
mysql.com_ha_read,mysql com ha read,mysql com ha read,float,FALSE,,,TRUE,TRUE,Mysql,n42-dev14,FALSE,
mysql.com_help,mysql com help,mysql com help,float,FALSE,,,TRUE,TRUE,Mysql,n42-dev14,FALSE,
mysql.com_insert,mysql com insert,mysql com insert,float,FALSE,,,TRUE,TRUE,Mysql,n42-dev14,FALSE,
mysql.com_insert_select,mysql com insert select,mysql com insert select,float,FALSE,,,TRUE,TRUE,Mysql,n42-dev14,FALSE,
mysql.com_kill,mysql com kill,mysql com kill,float,FALSE,,,TRUE,TRUE,Mysql,n42-dev14,FALSE,
mysql.com_load,mysql com load,mysql com load,float,FALSE,,,TRUE,TRUE,Mysql,n42-dev14,FALSE,
mysql.com_lock_tables,mysql com lock tables,mysql com lock tables,float,FALSE,,,TRUE,TRUE,Mysql,n42-dev14,FALSE,
mysql.com_optimize,mysql com optimize,mysql com optimize,float,FALSE,,,TRUE,TRUE,Mysql,n42-dev14,FALSE,
mysql.com_preload_keys,mysql com preload keys,mysql com preload keys,float,FALSE,,,TRUE,TRUE,Mysql,n42-dev14,FALSE,
mysql.com_prepare_sql,mysql com prepare sql,mysql com prepare sql,float,FALSE,,,TRUE,TRUE,Mysql,n42-dev14,FALSE,
mysql.com_purge,mysql com purge,mysql com purge,float,FALSE,,,TRUE,TRUE,Mysql,n42-dev14,FALSE,
mysql.com_purge_before_date,mysql com purge before date,mysql com purge before date,float,FALSE,,,TRUE,TRUE,Mysql,n42-dev14,FALSE,
mysql.com_rename_table,mysql com rename table,mysql com rename table,float,FALSE,,,TRUE,TRUE,Mysql,n42-dev14,FALSE,
mysql.com_repair,mysql com repair,mysql com repair,float,FALSE,,,TRUE,TRUE,Mysql,n42-dev14,FALSE,
mysql.com_replace,mysql com replace,mysql com replace,float,FALSE,,,TRUE,TRUE,Mysql,n42-dev14,FALSE,
mysql.com_replace_select,mysql com replace select,mysql com replace select,float,FALSE,,,TRUE,TRUE,Mysql,n42-dev14,FALSE,
mysql.com_reset,mysql com reset,mysql com reset,float,FALSE,,,TRUE,TRUE,Mysql,n42-dev14,FALSE,
mysql.com_revoke,mysql com revoke,mysql com revoke,float,FALSE,,,TRUE,TRUE,Mysql,n42-dev14,FALSE,
mysql.com_revoke_all,mysql com revoke all,mysql com revoke all,float,FALSE,,,TRUE,TRUE,Mysql,n42-dev14,FALSE,
mysql.com_rollback,mysql com rollback,mysql com rollback,float,FALSE,,,TRUE,TRUE,Mysql,n42-dev14,FALSE,
mysql.com_savepoint,mysql com savepoint,mysql com savepoint,float,FALSE,,,TRUE,TRUE,Mysql,n42-dev14,FALSE,
mysql.com_select,mysql com select,mysql com select,float,FALSE,,,TRUE,TRUE,Mysql,n42-dev14,FALSE,
mysql.com_set_option,mysql com set option,mysql com set option,float,FALSE,,,TRUE,TRUE,Mysql,n42-dev14,FALSE,
mysql.com_show_binlog_events,mysql com show binlog events,mysql com show binlog events,float,FALSE,,,TRUE,TRUE,Mysql,n42-dev14,FALSE,
mysql.com_show_binlogs,mysql com show binlogs,mysql com show binlogs,float,FALSE,,,TRUE,TRUE,Mysql,n42-dev14,FALSE,
mysql.com_show_charsets,mysql com show charsets,mysql com show charsets,float,FALSE,,,TRUE,TRUE,Mysql,n42-dev14,FALSE,
mysql.com_show_collations,mysql com show collations,mysql com show collations,float,FALSE,,,TRUE,TRUE,Mysql,n42-dev14,FALSE,
mysql.com_show_create_db,mysql com show create db,mysql com show create db,float,FALSE,,,TRUE,TRUE,Mysql,n42-dev14,FALSE,
mysql.com_show_create_table,mysql com show create table,mysql com show create table,float,FALSE,,,TRUE,TRUE,Mysql,n42-dev14,FALSE,
mysql.com_show_databases,mysql com show databases,mysql com show databases,float,FALSE,,,TRUE,TRUE,Mysql,n42-dev14,FALSE,
mysql.com_show_errors,mysql com show errors,mysql com show errors,float,FALSE,,,TRUE,TRUE,Mysql,n42-dev14,FALSE,
mysql.com_show_fields,mysql com show fields,mysql com show fields,float,FALSE,,,TRUE,TRUE,Mysql,n42-dev14,FALSE,
mysql.com_show_grants,mysql com show grants,mysql com show grants,float,FALSE,,,TRUE,TRUE,Mysql,n42-dev14,FALSE,
mysql.com_show_keys,mysql com show keys,mysql com show keys,float,FALSE,,,TRUE,TRUE,Mysql,n42-dev14,FALSE,
mysql.com_show_master_status,mysql com show master status,mysql com show master status,float,FALSE,,,TRUE,TRUE,Mysql,n42-dev14,FALSE,
mysql.com_show_open_tables,mysql com show open tables,mysql com show open tables,float,FALSE,,,TRUE,TRUE,Mysql,n42-dev14,FALSE,
mysql.com_show_privileges,mysql com show privileges,mysql com show privileges,float,FALSE,,,TRUE,TRUE,Mysql,n42-dev14,FALSE,
mysql.com_show_processlist,mysql com show processlist,mysql com show processlist,float,FALSE,,,TRUE,TRUE,Mysql,n42-dev14,FALSE,
mysql.com_show_slave_hosts,mysql com show slave hosts,mysql com show slave hosts,float,FALSE,,,TRUE,TRUE,Mysql,n42-dev14,FALSE,
mysql.com_show_slave_status,mysql com show slave status,mysql com show slave status,float,FALSE,,,TRUE,TRUE,Mysql,n42-dev14,FALSE,
mysql.com_show_status,mysql com show status,mysql com show status,float,FALSE,,,TRUE,TRUE,Mysql,n42-dev14,FALSE,
mysql.com_show_storage_engines,mysql com show storage engines,mysql com show storage engines,float,FALSE,,,TRUE,TRUE,Mysql,n42-dev14,FALSE,
mysql.com_show_tables,mysql com show tables,mysql com show tables,float,FALSE,,,TRUE,TRUE,Mysql,n42-dev14,FALSE,
mysql.com_show_triggers,mysql com show triggers,mysql com show triggers,float,FALSE,,,TRUE,TRUE,Mysql,n42-dev14,FALSE,
mysql.com_show_variables,mysql com show variables,mysql com show variables,float,FALSE,,,TRUE,TRUE,Mysql,n42-dev14,FALSE,
mysql.com_show_warnings,mysql com show warnings,mysql com show warnings,float,FALSE,,,TRUE,TRUE,Mysql,n42-dev14,FALSE,
mysql.com_slave_start,mysql com slave start,mysql com slave start,float,FALSE,,,TRUE,TRUE,Mysql,n42-dev14,FALSE,
mysql.com_slave_stop,mysql com slave stop,mysql com slave stop,float,FALSE,,,TRUE,TRUE,Mysql,n42-dev14,FALSE,
mysql.com_stmt_close,mysql com stmt close,mysql com stmt close,float,FALSE,,,TRUE,TRUE,Mysql,n42-dev14,FALSE,
mysql.com_stmt_execute,mysql com stmt execute,mysql com stmt execute,float,FALSE,,,TRUE,TRUE,Mysql,n42-dev14,FALSE,
mysql.com_stmt_fetch,mysql com stmt fetch,mysql com stmt fetch,float,FALSE,,,TRUE,TRUE,Mysql,n42-dev14,FALSE,
mysql.com_stmt_prepare,mysql com stmt prepare,mysql com stmt prepare,float,FALSE,,,TRUE,TRUE,Mysql,n42-dev14,FALSE,
mysql.com_stmt_reset,mysql com stmt reset,mysql com stmt reset,float,FALSE,,,TRUE,TRUE,Mysql,n42-dev14,FALSE,
mysql.com_stmt_send_long_data,mysql com stmt send long data,mysql com stmt send long data,float,FALSE,,,TRUE,TRUE,Mysql,n42-dev14,FALSE,
mysql.com_truncate,mysql com truncate,mysql com truncate,float,FALSE,,,TRUE,TRUE,Mysql,n42-dev14,FALSE,
mysql.com_unlock_tables,mysql com unlock tables,mysql com unlock tables,float,FALSE,,,TRUE,TRUE,Mysql,n42-dev14,FALSE,
mysql.com_update,mysql com update,mysql com update,float,FALSE,,,TRUE,TRUE,Mysql,n42-dev14,FALSE,
mysql.com_update_multi,mysql com update multi,mysql com update multi,float,FALSE,,,TRUE,TRUE,Mysql,n42-dev14,FALSE,
mysql.com_xa_commit,mysql com xa commit,mysql com xa commit,float,FALSE,,,TRUE,TRUE,Mysql,n42-dev14,FALSE,
mysql.com_xa_end,mysql com xa end,mysql com xa end,float,FALSE,,,TRUE,TRUE,Mysql,n42-dev14,FALSE,
mysql.com_xa_prepare,mysql com xa prepare,mysql com xa prepare,float,FALSE,,,TRUE,TRUE,Mysql,n42-dev14,FALSE,
mysql.com_xa_recover,mysql com xa recover,mysql com xa recover,float,FALSE,,,TRUE,TRUE,Mysql,n42-dev14,FALSE,
mysql.com_xa_rollback,mysql com xa rollback,mysql com xa rollback,float,FALSE,,,TRUE,TRUE,Mysql,n42-dev14,FALSE,
mysql.com_xa_start,mysql com xa start,mysql com xa start,float,FALSE,,,TRUE,TRUE,Mysql,n42-dev14,FALSE,
mysql.connections_cached,mysql connections cached,mysql connections cached,float,FALSE,,,TRUE,TRUE,Mysql,n42-dev14,FALSE,
mysql.connections_connected,mysql connections connected,mysql connections connected,float,FALSE,,,TRUE,TRUE,Mysql,n42-dev14,FALSE,
mysql.connections_running,mysql connections running,mysql connections running,float,FALSE,,,TRUE,TRUE,Mysql,n42-dev14,FALSE,
mysql.created_tmp_disk_tables,mysql created tmp disk tables,mysql created tmp disk tables,float,FALSE,,,TRUE,TRUE,Mysql,n42-dev14,FALSE,
mysql.created_tmp_tables,mysql created tmp tables,mysql created tmp tables,float,FALSE,,,TRUE,TRUE,Mysql,n42-dev14,FALSE,
mysql.innodb_bp_pages_created,mysql innodb bp pages created,mysql innodb bp pages created,float,FALSE,,,TRUE,TRUE,Mysql,n42-dev14,FALSE,
mysql.innodb_bp_pages_read,mysql innodb bp pages read,mysql innodb bp pages read,float,FALSE,,,TRUE,TRUE,Mysql,n42-dev14,FALSE,
mysql.innodb_bp_pages_written,mysql innodb bp pages written,mysql innodb bp pages written,float,FALSE,,,TRUE,TRUE,Mysql,n42-dev14,FALSE,
mysql.innodb_buffer_pool_pages_clean,mysql innodb buffer pool pages clean,mysql innodb buffer pool pages clean,float,FALSE,,,TRUE,TRUE,Mysql,n42-dev14,FALSE,
mysql.innodb_buffer_pool_pages_dirty,mysql innodb buffer pool pages dirty,mysql innodb buffer pool pages dirty,float,FALSE,,,TRUE,TRUE,Mysql,n42-dev14,FALSE,
mysql.innodb_buffer_pool_pages_flushed,mysql innodb buffer pool pages flushed,mysql innodb buffer pool pages flushed,float,FALSE,,,TRUE,TRUE,Mysql,n42-dev14,FALSE,
mysql.innodb_buffer_pool_pages_free,mysql innodb buffer pool pages free,mysql innodb buffer pool pages free,float,FALSE,,,TRUE,TRUE,Mysql,n42-dev14,FALSE,
mysql.innodb_buffer_pool_pages_misc,mysql innodb buffer pool pages misc,mysql innodb buffer pool pages misc,float,FALSE,,,TRUE,TRUE,Mysql,n42-dev14,FALSE,
mysql.innodb_buffer_pool_pages_unassigned,mysql innodb buffer pool pages unassigned,mysql innodb buffer pool pages unassigned,float,FALSE,,,TRUE,TRUE,Mysql,n42-dev14,FALSE,
mysql.innodb_buffer_pool_read_ahead_rnd,mysql innodb buffer pool read ahead rnd,mysql innodb buffer pool read ahead rnd,float,FALSE,,,TRUE,TRUE,Mysql,n42-dev14,FALSE,
mysql.innodb_buffer_pool_read_requests,mysql innodb buffer pool read requests,mysql innodb buffer pool read requests,float,FALSE,,,TRUE,TRUE,Mysql,n42-dev14,FALSE,
mysql.innodb_buffer_pool_reads,mysql innodb buffer pool reads,mysql innodb buffer pool reads,float,FALSE,,,TRUE,TRUE,Mysql,n42-dev14,FALSE,
mysql.innodb_buffer_pool_wait_free,mysql innodb buffer pool wait free,mysql innodb buffer pool wait free,float,FALSE,,,TRUE,TRUE,Mysql,n42-dev14,FALSE,
mysql.innodb_buffer_pool_write_requests,mysql innodb buffer pool write requests,mysql innodb buffer pool write requests,float,FALSE,,,TRUE,TRUE,Mysql,n42-dev14,FALSE,
mysql.innodb_data_fsyncs,mysql innodb data fsyncs,mysql innodb data fsyncs,float,FALSE,,,TRUE,TRUE,Mysql,n42-dev14,FALSE,
mysql.innodb_data_pending_fsyncs,mysql innodb data pending fsyncs,mysql innodb data pending fsyncs,float,FALSE,,,TRUE,TRUE,Mysql,n42-dev14,FALSE,
mysql.innodb_data_read,mysql innodb data read,mysql innodb data read,float,FALSE,,,TRUE,TRUE,Mysql,n42-dev14,FALSE,
mysql.innodb_data_reads,mysql innodb data reads,mysql innodb data reads,float,FALSE,,,TRUE,TRUE,Mysql,n42-dev14,FALSE,
mysql.innodb_data_writes,mysql innodb data writes,mysql innodb data writes,float,FALSE,,,TRUE,TRUE,Mysql,n42-dev14,FALSE,
mysql.innodb_data_written,mysql innodb data written,mysql innodb data written,float,FALSE,,,TRUE,TRUE,Mysql,n42-dev14,FALSE,
mysql.innodb_fsyncs_data,mysql innodb fsyncs data,mysql innodb fsyncs data,float,FALSE,,,TRUE,TRUE,Mysql,n42-dev14,FALSE,
mysql.innodb_fsyncs_os_log,mysql innodb fsyncs os log,mysql innodb fsyncs os log,float,FALSE,,,TRUE,TRUE,Mysql,n42-dev14,FALSE,
mysql.innodb_os_log_fsyncs,mysql innodb os log fsyncs,mysql innodb os log fsyncs,float,FALSE,,,TRUE,TRUE,Mysql,n42-dev14,FALSE,
mysql.innodb_os_log_written,mysql innodb os log written,mysql innodb os log written,float,FALSE,,,TRUE,TRUE,Mysql,n42-dev14,FALSE,
mysql.innodb_page_size,mysql innodb page size,mysql innodb page size,float,FALSE,,,TRUE,TRUE,Mysql,n42-dev14,FALSE,
mysql.innodb_pages_created,mysql innodb pages created,mysql innodb pages created,float,FALSE,,,TRUE,TRUE,Mysql,n42-dev14,FALSE,
mysql.innodb_pages_read,mysql innodb pages read,mysql innodb pages read,float,FALSE,,,TRUE,TRUE,Mysql,n42-dev14,FALSE,
mysql.innodb_pages_written,mysql innodb pages written,mysql innodb pages written,float,FALSE,,,TRUE,TRUE,Mysql,n42-dev14,FALSE,
mysql.innodb_rows_deleted,mysql innodb rows deleted,mysql innodb rows deleted,float,FALSE,,,TRUE,TRUE,Mysql,n42-dev14,FALSE,
mysql.innodb_rows_inserted,mysql innodb rows inserted,mysql innodb rows inserted,float,FALSE,,,TRUE,TRUE,Mysql,n42-dev14,FALSE,
mysql.innodb_rows_read,mysql innodb rows read,mysql innodb rows read,float,FALSE,,,TRUE,TRUE,Mysql,n42-dev14,FALSE,
mysql.innodb_rows_updated,mysql innodb rows updated,mysql innodb rows updated,float,FALSE,,,TRUE,TRUE,Mysql,n42-dev14,FALSE,
mysql.master_log_lag_bytes,mysql master log lag bytes,mysql master log lag bytes,float,FALSE,,,TRUE,TRUE,Mysql,n42-dev14,FALSE,
mysql.max_used_connections,mysql max used connections,mysql max used connections,float,FALSE,,,TRUE,TRUE,Mysql,n42-dev14,FALSE,
mysql.open_files,mysql open files,mysql open files,float,FALSE,,,TRUE,TRUE,Mysql,n42-dev14,FALSE,
mysql.open_streams,mysql open streams,mysql open streams,float,FALSE,,,TRUE,TRUE,Mysql,n42-dev14,FALSE,
mysql.open_tables,mysql open tables,mysql open tables,float,FALSE,,,TRUE,TRUE,Mysql,n42-dev14,FALSE,
mysql.opened_tables,mysql opened tables,mysql opened tables,float,FALSE,,,TRUE,TRUE,Mysql,n42-dev14,FALSE,
mysql.pct_connection_utilization,mysql pct connection utilization,mysql pct connection utilization,float,FALSE,,,TRUE,TRUE,Mysql,n42-dev14,FALSE,
mysql.pct_innodb_buffer_pool_hit_ratio,mysql pct innodb buffer pool hit ratio,mysql pct innodb buffer pool hit ratio,float,FALSE,,,TRUE,TRUE,Mysql,n42-dev14,FALSE,
mysql.pct_query_cache_hit_utilization,mysql pct query cache hit utilization,mysql pct query cache hit utilization,float,FALSE,,,TRUE,TRUE,Mysql,n42-dev14,FALSE,
mysql.pct_query_cache_memory_in_use,mysql pct query cache memory in use,mysql pct query cache memory in use,float,FALSE,,,TRUE,TRUE,Mysql,n42-dev14,FALSE,
mysql.pct_tmp_tables_written_to_disk,mysql pct tmp tables written to disk,mysql pct tmp tables written to disk,float,FALSE,,,TRUE,TRUE,Mysql,n42-dev14,FALSE,
mysql.qcache_free_blocks,mysql qcache free blocks,mysql qcache free blocks,float,FALSE,,,TRUE,TRUE,Mysql,n42-dev14,FALSE,
mysql.qcache_free_memory,mysql qcache free memory,mysql qcache free memory,float,FALSE,,,TRUE,TRUE,Mysql,n42-dev14,FALSE,
mysql.qcache_hits,mysql qcache hits,mysql qcache hits,float,FALSE,,,TRUE,TRUE,Mysql,n42-dev14,FALSE,
mysql.qcache_inserts,mysql qcache inserts,mysql qcache inserts,float,FALSE,,,TRUE,TRUE,Mysql,n42-dev14,FALSE,
mysql.qcache_lowmem_prunes,mysql qcache lowmem prunes,mysql qcache lowmem prunes,float,FALSE,,,TRUE,TRUE,Mysql,n42-dev14,FALSE,
mysql.qcache_not_cached,mysql qcache not cached,mysql qcache not cached,float,FALSE,,,TRUE,TRUE,Mysql,n42-dev14,FALSE,
mysql.qcache_queries_in_cache,mysql qcache queries in cache,mysql qcache queries in cache,float,FALSE,,,TRUE,TRUE,Mysql,n42-dev14,FALSE,
mysql.qcache_total_blocks,mysql qcache total blocks,mysql qcache total blocks,float,FALSE,,,TRUE,TRUE,Mysql,n42-dev14,FALSE,
mysql.query_cache_hits,mysql query cache hits,mysql query cache hits,float,FALSE,,,TRUE,TRUE,Mysql,n42-dev14,FALSE,
mysql.query_cache_misses,mysql query cache misses,mysql query cache misses,float,FALSE,,,TRUE,TRUE,Mysql,n42-dev14,FALSE,
mysql.query_cache_not_cached,mysql query cache not cached,mysql query cache not cached,float,FALSE,,,TRUE,TRUE,Mysql,n42-dev14,FALSE,
mysql.replication_lag,mysql replication lag,mysql replication lag,float,FALSE,,,TRUE,TRUE,Mysql,n42-dev14,FALSE,
mysql.replication_status,mysql replication status,mysql replication status,float,FALSE,,,TRUE,TRUE,Mysql,n42-dev14,FALSE,
mysql.select_full_join,mysql select full join,mysql select full join,float,FALSE,,,TRUE,TRUE,Mysql,n42-dev14,FALSE,
mysql.select_full_range_join,mysql select full range join,mysql select full range join,float,FALSE,,,TRUE,TRUE,Mysql,n42-dev14,FALSE,
mysql.select_range,mysql select range,mysql select range,float,FALSE,,,TRUE,TRUE,Mysql,n42-dev14,FALSE,
mysql.select_range_check,mysql select range check,mysql select range check,float,FALSE,,,TRUE,TRUE,Mysql,n42-dev14,FALSE,
mysql.select_scan,mysql select scan,mysql select scan,float,FALSE,,,TRUE,TRUE,Mysql,n42-dev14,FALSE,
mysql.slave_relay_log_bytes,mysql slave relay log bytes,mysql slave relay log bytes,float,FALSE,,,TRUE,TRUE,Mysql,n42-dev14,FALSE,
mysql.slow_queries,mysql slow queries,mysql slow queries,float,FALSE,,,TRUE,TRUE,Mysql,n42-dev14,FALSE,
mysql.sort_range,mysql sort range,mysql sort range,float,FALSE,,,TRUE,TRUE,Mysql,n42-dev14,FALSE,
mysql.sort_scan,mysql sort scan,mysql sort scan,float,FALSE,,,TRUE,TRUE,Mysql,n42-dev14,FALSE,
mysql.table_locks_immediate,mysql table locks immediate,mysql table locks immediate,float,FALSE,,,TRUE,TRUE,Mysql,n42-dev14,FALSE,
mysql.table_locks_waited,mysql table locks waited,mysql table locks waited,float,FALSE,,,TRUE,TRUE,Mysql,n42-dev14,FALSE,
mysql.threads_cached,mysql threads cached,mysql threads cached,float,FALSE,,,TRUE,TRUE,Mysql,n42-dev14,FALSE,
mysql.threads_connected,mysql threads connected,mysql threads connected,float,FALSE,,,TRUE,TRUE,Mysql,n42-dev14,FALSE,
mysql.threads_created,mysql threads created,mysql threads created,float,FALSE,,,TRUE,TRUE,Mysql,n42-dev14,FALSE,
mysql.threads_running,mysql threads running,mysql threads running,float,FALSE,,,TRUE,TRUE,Mysql,n42-dev14,FALSE,
mysql.uptime,mysql uptime,mysql uptime,float,FALSE,,,TRUE,TRUE,Mysql,n42-dev14,FALSE,
mysql.volume_reads,mysql volume reads,mysql volume reads,float,FALSE,,,TRUE,TRUE,Mysql,n42-dev14,FALSE,
mysql.volume_writes,mysql volume writes,mysql volume writes,float,FALSE,,,TRUE,TRUE,Mysql,n42-dev14,FALSE,
net.sockstat.ipfragqueues,net sockstat ipfragqueues,net sockstat ipfragqueues,float,FALSE,,,TRUE,FALSE,System,All,FALSE,
net.sockstat.memory,net sockstat memory,net sockstat memory,float,FALSE,,,TRUE,FALSE,System,All,FALSE,
net.sockstat.num.orphans,net sockstat num orphans,net sockstat num orphans,float,FALSE,,,TRUE,FALSE,System,All,FALSE,
net.sockstat.num.sockets,net sockstat num sockets,net sockstat num sockets,float,FALSE,,,TRUE,FALSE,System,All,FALSE,
net.sockstat.num.timewait,net sockstat num timewait,net sockstat num timewait,float,FALSE,,,TRUE,FALSE,System,All,FALSE,
net.sockstat.sockets.inuse,net sockstat sockets inuse,net sockstat sockets inuse,float,FALSE,,,TRUE,FALSE,System,All,FALSE,
net.stat.tcp.abort,net stat tcp abort,net stat tcp abort,float,FALSE,,,TRUE,FALSE,System,All,FALSE,
net.stat.tcp.abort.failed,net stat tcp abort failed,net stat tcp abort failed,float,FALSE,,,TRUE,FALSE,System,All,FALSE,
net.stat.tcp.congestion.recovery,net stat tcp congestion recovery,net stat tcp congestion recovery,float,FALSE,,,TRUE,FALSE,System,All,FALSE,
net.stat.tcp.delayedack,net stat tcp delayedack,net stat tcp delayedack,float,FALSE,,,TRUE,FALSE,System,All,FALSE,
net.stat.tcp.failed.accept,net stat tcp failed accept,net stat tcp failed accept,float,FALSE,,,TRUE,FALSE,System,All,FALSE,
net.stat.tcp.memory.pressure,net stat tcp memory pressure,net stat tcp memory pressure,float,FALSE,,,TRUE,FALSE,System,All,FALSE,
net.stat.tcp.memory.prune,net stat tcp memory prune,net stat tcp memory prune,float,FALSE,,,TRUE,FALSE,System,All,FALSE,
net.stat.tcp.packetloss.recovery,net stat tcp packetloss recovery,net stat tcp packetloss recovery,float,FALSE,,,TRUE,FALSE,System,All,FALSE,
net.stat.tcp.reording,net stat tcp reording,net stat tcp reording,float,FALSE,,,TRUE,FALSE,System,All,FALSE,
net.stat.tcp.retransmit,net stat tcp retransmit,net stat tcp retransmit,float,FALSE,,,TRUE,FALSE,System,All,FALSE,
net.stat.tcp.syncookies,net stat tcp syncookies,net stat tcp syncookies,float,FALSE,,,TRUE,FALSE,System,All,FALSE,
net.stat.udp.datagrams,net stat udp datagrams,net stat udp datagrams,float,FALSE,,,TRUE,FALSE,System,All,FALSE,
net.stat.udp.errors,net stat udp errors,net stat udp errors,float,FALSE,,,TRUE,FALSE,System,All,FALSE,
proc.interrupts,proc interrupts,proc interrupts,float,FALSE,,,TRUE,FALSE,System,All,FALSE,
proc.kernel.entropy.avail,proc kernel entropy avail,proc kernel entropy avail,float,FALSE,,,TRUE,FALSE,System,All,FALSE,
proc.loadavg.15min,proc loadavg 15min,proc loadavg 15min,float,FALSE,,,TRUE,FALSE,System,All,FALSE,
proc.loadavg.1min,proc loadavg 1min,proc loadavg 1min,float,FALSE,,,TRUE,FALSE,System,All,FALSE,
proc.loadavg.5min,proc loadavg 5min,proc loadavg 5min,float,FALSE,,,TRUE,FALSE,System,All,FALSE,
proc.loadavg.runnable,proc loadavg runnable,proc loadavg runnable,float,FALSE,,,TRUE,FALSE,System,All,FALSE,
proc.loadavg.total.threads,proc loadavg total threads,proc loadavg total threads,float,FALSE,,,TRUE,FALSE,System,All,FALSE,
proc.meminfo.active,proc meminfo active,proc meminfo active,float,FALSE,,,TRUE,FALSE,System,All,FALSE,Memory
proc.meminfo.anonpages,proc meminfo anonpages,proc meminfo anonpages,float,FALSE,,,TRUE,FALSE,System,All,FALSE,Memory
proc.meminfo.bounce,proc meminfo bounce,proc meminfo bounce,float,FALSE,,,TRUE,FALSE,System,All,FALSE,Memory
proc.meminfo.buffers,proc meminfo buffers,proc meminfo buffers,float,FALSE,,,TRUE,FALSE,System,All,FALSE,Memory
proc.meminfo.cached,proc meminfo cached,proc meminfo cached,float,FALSE,,,TRUE,FALSE,System,All,FALSE,Memory
proc.meminfo.commitlimit,proc meminfo commitlimit,proc meminfo commitlimit,float,FALSE,,,TRUE,FALSE,System,All,FALSE,Memory
proc.meminfo.committed.as,proc meminfo committed as,proc meminfo committed as,float,FALSE,,,TRUE,FALSE,System,All,FALSE,Memory
proc.meminfo.dirty,proc meminfo dirty,proc meminfo dirty,float,FALSE,,,TRUE,FALSE,System,All,FALSE,Memory
proc.meminfo.highfree,proc meminfo highfree,proc meminfo highfree,float,FALSE,,,TRUE,FALSE,System,All,FALSE,Memory
proc.meminfo.hightotal,proc meminfo hightotal,proc meminfo hightotal,float,FALSE,,,TRUE,FALSE,System,All,FALSE,Memory
proc.meminfo.hugepagesize,proc meminfo hugepagesize,proc meminfo hugepagesize,float,FALSE,,,TRUE,FALSE,System,All,FALSE,Memory
proc.meminfo.inactive,proc meminfo inactive,proc meminfo inactive,float,FALSE,,,TRUE,FALSE,System,All,FALSE,Memory
proc.meminfo.lowfree,proc meminfo lowfree,proc meminfo lowfree,float,FALSE,,,TRUE,FALSE,System,All,FALSE,Memory
proc.meminfo.lowtotal,proc meminfo lowtotal,proc meminfo lowtotal,float,FALSE,,,TRUE,FALSE,System,All,FALSE,Memory
proc.meminfo.mapped,proc meminfo mapped,proc meminfo mapped,float,FALSE,,,TRUE,FALSE,System,All,FALSE,Memory
proc.meminfo.memfree,proc meminfo memfree,proc meminfo memfree,float,FALSE,,,TRUE,FALSE,System,All,FALSE,Memory
proc.meminfo.memtotal,proc meminfo memtotal,proc meminfo memtotal,float,FALSE,,,TRUE,FALSE,System,All,FALSE,Memory
proc.meminfo.nfs.unstable,proc meminfo nfs unstable,proc meminfo nfs unstable,float,FALSE,,,TRUE,FALSE,System,All,FALSE,Memory
proc.meminfo.pagetables,proc meminfo pagetables,proc meminfo pagetables,float,FALSE,,,TRUE,FALSE,System,All,FALSE,Memory
proc.meminfo.slab,proc meminfo slab,proc meminfo slab,float,FALSE,,,TRUE,FALSE,System,All,FALSE,Memory
proc.meminfo.swapcached,proc meminfo swapcached,proc meminfo swapcached,float,FALSE,,,TRUE,FALSE,System,All,FALSE,Memory
proc.meminfo.swapfree,proc meminfo swapfree,proc meminfo swapfree,float,FALSE,,,TRUE,FALSE,System,All,FALSE,Memory
proc.meminfo.swaptotal,proc meminfo swaptotal,proc meminfo swaptotal,float,FALSE,,,TRUE,FALSE,System,All,FALSE,Memory
proc.meminfo.vmallocchunk,proc meminfo vmallocchunk,proc meminfo vmallocchunk,float,FALSE,,,TRUE,FALSE,System,All,FALSE,Memory
proc.meminfo.vmalloctotal,proc meminfo vmalloctotal,proc meminfo vmalloctotal,float,FALSE,,,TRUE,FALSE,System,All,FALSE,Memory
proc.meminfo.vmallocused,proc meminfo vmallocused,proc meminfo vmallocused,float,FALSE,,,TRUE,FALSE,System,All,FALSE,Memory
proc.meminfo.writeback,proc meminfo writeback,proc meminfo writeback,float,FALSE,,,TRUE,FALSE,System,All,FALSE,Memory
proc.net.bytes,proc net bytes,proc net bytes,float,FALSE,,,TRUE,FALSE,System,All,TRUE,Network
proc.net.carrier.errs,proc net carrier errs,proc net carrier errs,float,FALSE,,,TRUE,FALSE,System,All,FALSE,Network
proc.net.collisions,proc net collisions,proc net collisions,float,FALSE,,,TRUE,FALSE,System,All,FALSE,Network
proc.net.compressed,proc net compressed,proc net compressed,float,FALSE,,,TRUE,FALSE,System,All,FALSE,Network
proc.net.dropped,proc net dropped,proc net dropped,float,FALSE,,,TRUE,FALSE,System,All,FALSE,Network
proc.net.errs,proc net errs,proc net errs,float,FALSE,,,TRUE,FALSE,System,All,FALSE,Network
proc.net.fifo.errs,proc net fifo errs,proc net fifo errs,float,FALSE,,,TRUE,FALSE,System,All,FALSE,Network
proc.net.frame.errs,proc net frame errs,proc net frame errs,float,FALSE,,,TRUE,FALSE,System,All,FALSE,Network
proc.net.multicast,proc net multicast,proc net multicast,float,FALSE,,,TRUE,FALSE,System,All,FALSE,Network
proc.net.packets,proc net packets,proc net packets,float,FALSE,,,TRUE,FALSE,System,All,TRUE,Network
proc.stat.cpu,proc stat cpu,proc stat cpu,float,FALSE,,,TRUE,FALSE,System,All,FALSE,
proc.stat.cpu.percpu,proc stat cpu percpu,proc stat cpu percpu,float,FALSE,,,TRUE,FALSE,System,All,FALSE,
proc.stat.ctxt,proc stat ctxt,proc stat ctxt,float,FALSE,,,TRUE,FALSE,System,All,FALSE,
proc.stat.intr,proc stat intr,proc stat intr,float,FALSE,,,TRUE,FALSE,System,All,FALSE,
proc.stat.processes,proc stat processes,proc stat processes,float,FALSE,,,TRUE,FALSE,System,All,FALSE,
proc.stat.procs.blocked,proc stat procs blocked,proc stat procs blocked,float,FALSE,,,TRUE,FALSE,System,All,FALSE,
proc.uptime.now,proc uptime now,proc uptime now,float,FALSE,,,TRUE,FALSE,System,All,FALSE,
proc.uptime.total,proc uptime total,proc uptime total,float,FALSE,,,TRUE,FALSE,System,All,FALSE,
proc.vmstat.pgfault,proc vmstat pgfault,proc vmstat pgfault,float,FALSE,,,TRUE,FALSE,System,All,FALSE,
proc.vmstat.pgmajfault,proc vmstat pgmajfault,proc vmstat pgmajfault,float,FALSE,,,TRUE,FALSE,System,All,FALSE,
proc.vmstat.pgpgin,proc vmstat pgpgin,proc vmstat pgpgin,float,FALSE,,,TRUE,FALSE,System,All,FALSE,
proc.vmstat.pgpgout,proc vmstat pgpgout,proc vmstat pgpgout,float,FALSE,,,TRUE,FALSE,System,All,FALSE,
proc.vmstat.pswpin,proc vmstat pswpin,proc vmstat pswpin,float,FALSE,,,TRUE,FALSE,System,All,FALSE,
proc.vmstat.pswpout,proc vmstat pswpout,proc vmstat pswpout,float,FALSE,,,TRUE,FALSE,System,All,FALSE,
loadbalancer.ifAdminStatus,LoadBalancer ifAdminStatus,LoadBalancer ifAdminStatus,string,FALSE,,,TRUE,TRUE,HardwareLoadBalancer,HW_LB01,FALSE,
loadbalancer.ifDescr,LoadBalancer ifDescr,LoadBalancer ifDescr,string,FALSE,,,TRUE,TRUE,HardwareLoadBalancer,HW_LB01,FALSE,
loadbalancer.ifInDiscards,LoadBalancer ifInDiscards,LoadBalancer ifInDiscards,integer,FALSE,,,TRUE,TRUE,HardwareLoadBalancer,HW_LB01,FALSE,
loadbalancer.ifInErrors,LoadBalancer ifInErrors,LoadBalancer ifInErrors,integer,FALSE,,,TRUE,TRUE,HardwareLoadBalancer,HW_LB01,FALSE,
loadbalancer.ifInNUcastPkts,LoadBalancer ifInNUcastPkts,LoadBalancer ifInNUcastPkts,integer,FALSE,,,TRUE,TRUE,HardwareLoadBalancer,HW_LB01,FALSE,
loadbalancer.ifInOctets,LoadBalancer ifInOctets,LoadBalancer ifInOctets,integer,FALSE,,,TRUE,TRUE,HardwareLoadBalancer,HW_LB01,FALSE,
loadbalancer.ifInUcastPkts,LoadBalancer ifInUcastPkts,LoadBalancer ifInUcastPkts,integer,FALSE,,,TRUE,TRUE,HardwareLoadBalancer,HW_LB01,FALSE,
loadbalancer.ifInUnknownProtos,LoadBalancer ifInUnknownProtos,LoadBalancer ifInUnknownProtos,integer,FALSE,,,TRUE,TRUE,HardwareLoadBalancer,HW_LB01,FALSE,
loadbalancer.ifIndex,LoadBalancer ifIndex,LoadBalancer ifIndex,integer,FALSE,,,TRUE,TRUE,HardwareLoadBalancer,HW_LB01,FALSE,
loadbalancer.ifLastChange,LoadBalancer ifLastChange,LoadBalancer ifLastChange,integer,FALSE,,,TRUE,TRUE,HardwareLoadBalancer,HW_LB01,FALSE,
loadbalancer.ifMtu,LoadBalancer ifMtu,LoadBalancer ifMtu,integer,FALSE,,,TRUE,TRUE,HardwareLoadBalancer,HW_LB01,FALSE,
loadbalancer.ifOperStatus,LoadBalancer ifOperStatus,LoadBalancer ifOperStatus,string,FALSE,,,TRUE,TRUE,HardwareLoadBalancer,HW_LB01,FALSE,
loadbalancer.ifOutDiscards,LoadBalancer ifOutDiscards,LoadBalancer ifOutDiscards,integer,FALSE,,,TRUE,TRUE,HardwareLoadBalancer,HW_LB01,FALSE,
loadbalancer.ifOutErrors,LoadBalancer ifOutErrors,LoadBalancer ifOutErrors,integer,FALSE,,,TRUE,TRUE,HardwareLoadBalancer,HW_LB01,FALSE,
loadbalancer.ifOutNUcastPkts,LoadBalancer ifOutNUcastPkts,LoadBalancer ifOutNUcastPkts,integer,FALSE,,,TRUE,TRUE,HardwareLoadBalancer,HW_LB01,FALSE,
loadbalancer.ifOutOctets,LoadBalancer ifOutOctets,LoadBalancer ifOutOctets,integer,FALSE,,,TRUE,TRUE,HardwareLoadBalancer,HW_LB01,FALSE,
loadbalancer.ifOutQLen,LoadBalancer ifOutQLen,LoadBalancer ifOutQLen,integer,FALSE,,,TRUE,TRUE,HardwareLoadBalancer,HW_LB01,FALSE,
loadbalancer.ifOutUcastPkts,LoadBalancer ifOutUcastPkts,LoadBalancer ifOutUcastPkts,integer,FALSE,,,TRUE,TRUE,HardwareLoadBalancer,HW_LB01,FALSE,
loadbalancer.ifPhysAddress,LoadBalancer ifPhysAddress,LoadBalancer ifPhysAddress,integer,FALSE,,,TRUE,TRUE,HardwareLoadBalancer,HW_LB01,FALSE,
loadbalancer.ifSpecific,LoadBalancer ifSpecific,LoadBalancer ifSpecific,integer,FALSE,,,TRUE,TRUE,HardwareLoadBalancer,HW_LB01,FALSE,
loadbalancer.ifSpeed,LoadBalancer ifSpeed,LoadBalancer ifSpeed,integer,FALSE,,,TRUE,TRUE,HardwareLoadBalancer,HW_LB01,FALSE,
loadbalancer.ifType,LoadBalancer ifType,LoadBalancer ifType,string,FALSE,,,TRUE,TRUE,HardwareLoadBalancer,HW_LB01,FALSE,
tomcat.HeapMemoryUsage,Tomcat HeapMemoryUsage,Tomcat HeapMemoryUsage,float,FALSE,,,TRUE,TRUE,Tomcat,"n42-dev11,n42-dev12,n42-dev13",FALSE,
tomcat.NonHeapMemoryUsage,Tomcat NonHeapMemoryUsage,Tomcat NonHeapMemoryUsage,float,FALSE,,,TRUE,TRUE,Tomcat,"n42-dev11,n42-dev12,n42-dev13",FALSE,
tomcat.Uptime,Tomcat Uptime,Tomcat Uptime,float,FALSE,,,TRUE,TRUE,Tomcat,"n42-dev11,n42-dev12,n42-dev13",FALSE,
tomcat.activeSessions,Tomcat ActiveSessions,Tomcat ActiveSessions,float,FALSE,,,TRUE,TRUE,Tomcat,"n42-dev11,n42-dev12,n42-dev13",FALSE,
tomcat.bytesReceived,Tomcat BytesReceived,Tomcat BytesReceived,float,FALSE,,,TRUE,TRUE,Tomcat,"n42-dev11,n42-dev12,n42-dev13",FALSE,
tomcat.bytesSent,Tomcat BytesSent,Tomcat BytesSent,float,FALSE,,,TRUE,TRUE,Tomcat,"n42-dev11,n42-dev12,n42-dev13",FALSE,
tomcat.currentThreadCount,Tomcat CurrentThreadCount,Tomcat CurrentThreadCount,float,FALSE,,,TRUE,TRUE,Tomcat,"n42-dev11,n42-dev12,n42-dev13",FALSE,
tomcat.currentThreadsBusy,Tomcat CurrentThreadsBusy,Tomcat CurrentThreadsBusy,float,FALSE,,,TRUE,TRUE,Tomcat,"n42-dev11,n42-dev12,n42-dev13",FALSE,
tomcat.errorCount,Tomcat ErrorCount,Tomcat ErrorCount,float,FALSE,,,TRUE,TRUE,Tomcat,"n42-dev11,n42-dev12,n42-dev13",FALSE,
tomcat.maxThreads,Tomcat MaxThreads,Tomcat MaxThreads,float,FALSE,,,TRUE,TRUE,Tomcat,"n42-dev11,n42-dev12,n42-dev13",FALSE,
tomcat.maxTime,Tomcat MaxTime,Tomcat MaxTime,float,FALSE,,,TRUE,TRUE,Tomcat,"n42-dev11,n42-dev12,n42-dev13",FALSE,
tomcat.processingTime,Tomcat ProcessingTime,Tomcat ProcessingTime,float,FALSE,,,TRUE,TRUE,Tomcat,"n42-dev11,n42-dev12,n42-dev13",TRUE,
tomcat.rejectedSessions,Tomcat RejectedSessions,Tomcat RejectedSessions,float,FALSE,,,TRUE,TRUE,Tomcat,"n42-dev11,n42-dev12,n42-dev13",FALSE,
tomcat.requestCount,Tomcat RequestCount,Tomcat RequestCount,float,FALSE,,,TRUE,TRUE,Tomcat,"n42-dev11,n42-dev12,n42-dev13",FALSE,
tomcat.sessionCreateRate,Tomcat SessionCreateRate,Tomcat SessionCreateRate,float,FALSE,,,TRUE,TRUE,Tomcat,"n42-dev11,n42-dev12,n42-dev13",FALSE,
